{"cameraMode":{"drawMode":0,"name":"Shaded","section":"Shading Mode"},"sceneLighting":true,"audioPlay":false,"sceneViewState":{"m_AlwaysRefresh":false,"showFog":true,"showSkybox":true,"showFlares":true,"showImageEffects":true,"showParticleSystems":true,"showVisualEffectGraphs":true,"m_FxEnabled":true},"in2DMode":false,"pivot":{"x":3.4873006343841554,"y":2.301690101623535,"z":-1.6340923309326172},"rotation":{"x":0.14973247051239015,"y":0.8502360582351685,"z":-0.36087581515312197,"w":0.3527742922306061},"size":7.285187244415283,"orthographic":true}