{"cameraMode":{"drawMode":0,"name":"Shaded","section":"Shading Mode"},"sceneLighting":true,"audioPlay":false,"sceneViewState":{"m_AlwaysRefresh":false,"showFog":true,"showSkybox":true,"showFlares":true,"showImageEffects":true,"showParticleSystems":true,"showVisualEffectGraphs":true,"m_FxEnabled":true},"in2DMode":false,"pivot":{"x":6.079718589782715,"y":0.7626914978027344,"z":-7.236532211303711},"rotation":{"x":0.009922724217176438,"y":0.9668389558792114,"z":-0.2523503303527832,"w":0.03801748529076576},"size":12.388051986694336,"orthographic":false}